{
    "name": "root",
    "gauges": {
        "CrossTheRoad.Policy.Entropy.mean": {
            "value": 0.9622606635093689,
            "min": 0.9622606635093689,
            "max": 1.302855134010315,
            "count": 3
        },
        "CrossTheRoad.Environment.EpisodeLength.mean": {
            "value": 36.090225563909776,
            "min": 36.090225563909776,
            "max": 49.717171717171716,
            "count": 3
        },
        "CrossTheRoad.Policy.ExtrinsicValueEstimate.mean": {
            "value": 0.19445304572582245,
            "min": 0.07573401927947998,
            "max": 0.19445304572582245,
            "count": 3
        },
        "CrossTheRoad.Environment.CumulativeReward.mean": {
            "value": 0.18152985044880143,
            "min": -0.004081633017987621,
            "max": 0.18152985044880143,
            "count": 3
        },
        "CrossTheRoad.Policy.ExtrinsicReward.mean": {
            "value": 0.18152985044880143,
            "min": -0.004081633017987621,
            "max": 0.18152985044880143,
            "count": 3
        },
        "CrossTheRoad.Losses.ValueLoss.mean": {
            "value": 0.050147686153650284,
            "min": 0.025952879339456558,
            "max": 0.13990473747253418,
            "count": 3
        },
        "CrossTheRoad.Losses.PolicyLoss.mean": {
            "value": 0.24473892152309418,
            "min": 0.24037177860736847,
            "max": 0.25263547897338867,
            "count": 3
        },
        "CrossTheRoad.Policy.LearningRate.mean": {
            "value": 5.0788868975359946e-05,
            "min": 5.0788868975359946e-05,
            "max": 0.0002489700564183295,
            "count": 3
        },
        "CrossTheRoad.Policy.Epsilon.mean": {
            "value": 0.11692959070205688,
            "min": 0.11692959070205688,
            "max": 0.18298999965190887,
            "count": 3
        },
        "CrossTheRoad.Policy.Beta.mean": {
            "value": 9.295500785810873e-05,
            "min": 9.295500785810873e-05,
            "max": 0.0004166509897913784,
            "count": 3
        },
        "CrossTheRoad.IsTraining.mean": {
            "value": 1.0,
            "min": 1.0,
            "max": 1.0,
            "count": 3
        }
    },
    "metadata": {
        "timer_format_version": "0.1.0",
        "start_time_seconds": "1637854929",
        "python_version": "3.9.2 (tags/v3.9.2:1a79785, Feb 19 2021, 13:44:55) [MSC v.1928 64 bit (AMD64)]",
        "command_line_arguments": "C:\\Users\\ilcai\\CrossTheRoadTest1\\MLagent-env\\Scripts\\mlagents-learn ctr.yaml --run-id=CTRTest9",
        "mlagents_version": "0.20.0",
        "mlagents_envs_version": "0.20.0",
        "communication_protocol_version": "1.1.0",
        "tensorflow_version": "2.7.0",
        "numpy_version": "1.18.5",
        "end_time_seconds": "1637855151"
    },
    "total": 221.7475498,
    "count": 1,
    "self": 0.4282776999999953,
    "children": {
        "run_training.setup": {
            "total": 0.34458840000000013,
            "count": 1,
            "self": 0.34458840000000013
        },
        "TrainerController.start_learning": {
            "total": 220.9746837,
            "count": 1,
            "self": 0.3987259000004144,
            "children": {
                "TrainerController._reset_env": {
                    "total": 23.420561499999998,
                    "count": 1,
                    "self": 23.420561499999998
                },
                "TrainerController.advance": {
                    "total": 196.2723548999996,
                    "count": 15260,
                    "self": 0.17605359999936354,
                    "children": {
                        "env_step": {
                            "total": 196.09630130000025,
                            "count": 15260,
                            "self": 184.4478123000026,
                            "children": {
                                "SubprocessEnvManager._take_step": {
                                    "total": 11.471256499996542,
                                    "count": 15260,
                                    "self": 0.35932579999660064,
                                    "children": {
                                        "TFPolicy.evaluate": {
                                            "total": 11.111930699999942,
                                            "count": 15022,
                                            "self": 11.111930699999942
                                        }
                                    }
                                },
                                "workers": {
                                    "total": 0.1772325000011108,
                                    "count": 15260,
                                    "self": 0.0,
                                    "children": {
                                        "worker_root": {
                                            "total": 196.97154030000058,
                                            "count": 15260,
                                            "is_parallel": true,
                                            "self": 26.471835100001044,
                                            "children": {
                                                "steps_from_proto": {
                                                    "total": 0.0003790000000023497,
                                                    "count": 1,
                                                    "is_parallel": true,
                                                    "self": 0.00017230000000267864,
                                                    "children": {
                                                        "_process_vector_observation": {
                                                            "total": 0.00020669999999967104,
                                                            "count": 4,
                                                            "is_parallel": true,
                                                            "self": 0.00020669999999967104
                                                        }
                                                    }
                                                },
                                                "UnityEnvironment.step": {
                                                    "total": 170.49932619999953,
                                                    "count": 15260,
                                                    "is_parallel": true,
                                                    "self": 1.306052799997758,
                                                    "children": {
                                                        "UnityEnvironment._generate_step_input": {
                                                            "total": 1.149778100000006,
                                                            "count": 15260,
                                                            "is_parallel": true,
                                                            "self": 1.149778100000006
                                                        },
                                                        "communicator.exchange": {
                                                            "total": 163.808961800001,
                                                            "count": 15260,
                                                            "is_parallel": true,
                                                            "self": 163.808961800001
                                                        },