{
    "name": "root",
    "metadata": {
        "timer_format_version": "0.1.0",
        "start_time_seconds": "1637853732",
        "python_version": "3.9.2 (tags/v3.9.2:1a79785, Feb 19 2021, 13:44:55) [MSC v.1928 64 bit (AMD64)]",
        "command_line_arguments": "C:\\Users\\ilcai\\CrossTheRoadTest1\\MLagent-env\\Scripts\\mlagents-learn ctr.yaml --run-id=CTRTest6",
        "mlagents_version": "0.20.0",
        "mlagents_envs_version": "0.20.0",
        "communication_protocol_version": "1.1.0",
        "tensorflow_version": "2.7.0",
        "numpy_version": "1.18.5",
        "end_time_seconds": "1637853754"
    },
    "total": 21.5303383,
    "count": 1,
    "self": 0.011840899999999266,
    "children": {
        "run_training.setup": {
            "total": 0.008396299999999801,
            "count": 1,
            "self": 0.008396299999999801
        },
        "TrainerController.start_learning": {
            "total": 21.5101011,
            "count": 1,
            "self": 0.03489340000006891,
            "children": {
                "TrainerController._reset_env": {
                    "total": 10.692584199999999,
                    "count": 1,
                    "self": 10.692584199999999
                },
                "TrainerController.advance": {
                    "total": 10.32316619999993,
                    "count": 995,
                    "self": 0.010891399999971796,
                    "children": {
                        "env_step": {
                            "total": 10.312274799999958,
                            "count": 995,
                            "self": 9.234446100000001,
                            "children": {
                                "SubprocessEnvManager._take_step": {
                                    "total": 1.0661889999999605,
                                    "count": 995,
                                    "self": 0.024853499999958117,
                                    "children": {
                                        "TFPolicy.evaluate": {
                                            "total": 1.0413355000000024,
                                            "count": 994,
                                            "self": 1.0413355000000024
                                        }
                                    }
                                },
                                "workers": {
                                    "total": 0.011639699999996367,
                                    "count": 994,
                                    "self": 0.0,
                                    "children": {
                                        "worker_root": {
                                            "total": 11.474629999999916,
                                            "count": 994,
                                            "is_parallel": true,
                                            "self": 3.112241199999927,
                                            "children": {
                                                "steps_from_proto": {
                                                    "total": 0.00037990000000043267,
                                                    "count": 1,
                                                    "is_parallel": true,
                                                    "self": 0.00017640000000085365,
                                                    "children": {
                                                        "_process_vector_observation": {
                                                            "total": 0.00020349999999957902,
                                                            "count": 4,
                                                            "is_parallel": true,
                                                            "self": 0.00020349999999957902
                                                        }
                                                    }
                                                },
                                                "UnityEnvironment.step": {
                                                    "total": 8.362008899999989,
                                                    "count": 994,
                                                    "is_parallel": true,
                                                    "self": 0.08299939999991324,
                                                    "children": {
                                                        "UnityEnvironment._generate_step_input": {
                                                            "total": 0.07577050000000263,
                                                            "count": 994,
                                                            "is_parallel": true,
                                                            "self": 0.07577050000000263
                                                        },
                                                        "communicator.exchange": {
                                                            "total": 7.9292332000000485,
                                                            "count": 994,
                                                            "is_parallel": true,
                                                            "self": 7.9292332000000485
                                                        },
                                                        "steps_from_proto": {
                                                            "total": 0.2740058000000243,
                                                            "count": 994,
                                                            "is_parallel": true,
                                                            "self": 0.12002529999997336,
                                                            "children": {
                                                                "_process_vector_observation": {
                                                                    "total": 0.15398050000005092,
                                                                    "count": 3976,
                                                                    "is_parallel": true,
                                                                    "self": 0.15398050000005092
                                                                }
                                                            }
                                                        }
                                                    }
                                                }
                                            }
                                        }
                                    }
                                }
                            }
                        }
                    }
                },
                "trainer_threads": {
                    "total": 4.020000000082291e-05,
                    "count": 1,
                    "self": 4.020000000082291e-05,
                    "children": {
                        "thread_root": {
                            "total": 0.0,
                            "count": 0,
                            "is_parallel": true,
                            "self": 0.0,
                            "children": {
                                "trainer_advance": {
                                    "total": 10.335972000000005,
                                    "count": 617,
                                    "is_parallel": true,
                                    "self": 0.03416060000001231,