{
    "name": "root",
    "metadata": {
        "timer_format_version": "0.1.0",
        "start_time_seconds": "1637849637",
        "python_version": "3.9.2 (tags/v3.9.2:1a79785, Feb 19 2021, 13:44:55) [MSC v.1928 64 bit (AMD64)]",
        "command_line_arguments": "C:\\Users\\ilcai\\CrossTheRoadTest1\\MLagent-env\\Scripts\\mlagents-learn ctr.yaml --run-id=CTRTest2",
        "mlagents_version": "0.20.0",
        "mlagents_envs_version": "0.20.0",
        "communication_protocol_version": "1.1.0",
        "tensorflow_version": "2.7.0",
        "numpy_version": "1.18.5",
        "end_time_seconds": "1637849715"
    },
    "total": 77.52958369999999,
    "count": 1,
    "self": 0.4909214999999847,
    "children": {
        "run_training.setup": {
            "total": 0.05419700000000027,
            "count": 1,
            "self": 0.05419700000000027
        },
        "TrainerController.start_learning": {
            "total": 76.9844652,
            "count": 1,
            "self": 0.0014302000000014914,
            "children": {
                "TrainerController._reset_env": {
                    "total": 71.1818299,
                    "count": 1,
                    "self": 71.1818299
                },
                "TrainerController.advance": {
                    "total": 5.80102620000001,
                    "count": 2,
                    "self": 2.5800000003073364e-05,
                    "children": {
                        "env_step": {
                            "total": 5.801000400000007,
                            "count": 2,
                            "self": 5.800987899999981,
                            "children": {
                                "SubprocessEnvManager._take_step": {
                                    "total": 3.500000019585059e-06,
                                    "count": 2,
                                    "self": 3.500000019585059e-06
                                },
                                "workers": {
                                    "total": 9.000000005698894e-06,
                                    "count": 1,
                                    "self": 0.0,
                                    "children": {
                                        "worker_root": {
                                            "total": 0.010107699999991837,
                                            "count": 1,
                                            "is_parallel": true,
                                            "self": 3.209999998432522e-05,
                                            "children": {
                                                "UnityEnvironment.step": {
                                                    "total": 0.010075600000007512,
                                                    "count": 1,
                                                    "is_parallel": true,
                                                    "self": 4.270000000872187e-05,
                                                    "children": {
                                                        "UnityEnvironment._generate_step_input": {
                                                            "total": 2.920000000017353e-05,
                                                            "count": 1,
                                                            "is_parallel": true,
                                                            "self": 2.920000000017353e-05
                                                        },
                                                        "communicator.exchange": {
                                                            "total": 0.010003699999998616,
                                                            "count": 1,
                                                            "is_parallel": true,
                                                            "self": 0.010003699999998616
                                                        }
                                                    }
                                                }
                                            }
                                        }
                                    }
                                }
                            }
                        }
                    }
                },
                "trainer_threads": {
                    "total": 9.999999974752427e-07,
                    "count": 1,
                    "self": 9.999999974752427e-07
                },
                "TrainerController._save_models": {
                    "total": 0.00017789999999706652,
                    "count": 1,
                    "self": 0.00017789999999706652
                }
            }
        }
    }
}